Ticker,Tier,Price,P/E,Sector,Z-Score,ROIC %,Op Margin %,Avg Margin (4Y),Curr Ratio,Int Cov,Mkt Cap (B)
WPM,Fortress,117.87,53.58,Basic Materials,196.03,8.72,66.54,50.89,8.089,2269.82,53.59
NVDA,Fortress,188.85,46.63,Technology,90.66,90.08,63.17,43.63,4.468,341.19,4597.93
ISRG,Fortress,561.98,74.63,Healthcare,56.32,13.82,30.33,27.54,4.728,100.0,201.46
RGLD,Fortress,221.12,30.33,Basic Materials,43.98,13.18,50.53,51.72,3.516,44.71,18.66
FAST,Fortress,40.44,38.15,Industrials,30.15,37.78,20.7,20.47,4.259,207.59,46.43
RMBS,Fortress,99.28,47.28,Technology,30.13,15.97,35.43,19.68,11.609,142.27,10.69
DOCS,Fortress,43.29,34.63,Healthcare,29.06,20.77,38.55,34.85,7.786,100.0,8.15
MNST,Fortress,76.16,43.27,Consumer Defensive,28.89,29.15,30.74,27.67,3.185,100.0,74.41
APP,Fortress,618.32,72.83,Communication Services,28.52,39.37,76.8,15.8,3.25,5.95,209.15
ANET,Fortress,133.6,50.8,Technology,27.66,26.03,42.38,36.7,3.254,100.0,168.24
CPRT,Fortress,37.77,24.06,Industrials,27.57,18.04,37.29,37.83,7.939,,36.56
ASM,Fortress,5.92,42.29,Basic Materials,24.51,11.12,32.56,6.68,2.754,38.26,0.93
TER,Fortress,207.56,75.48,Technology,24.33,19.87,18.89,24.67,1.759,170.8,33.02
GOOG,Fortress,315.32,31.1,Communication Services,20.86,33.25,30.51,29.14,1.747,448.07,3806.49
TSEM,Fortress,121.74,68.01,Technology,20.19,7.92,12.78,14.02,6.61,54.97,13.65
ODFL,Fortress,159.19,31.52,Industrials,19.15,31.47,25.66,27.6,1.204,7348.16,33.46
CORT,Fortress,38.2,43.91,Healthcare,17.74,19.57,4.92,26.14,3.141,100.0,4.03
VEEV,Fortress,219.49,42.79,Healthcare,16.51,11.64,29.69,22.99,7.527,100.0,36.08
LRCX,Fortress,185.06,40.76,Technology,16.35,41.53,34.35,30.48,2.207,34.43,233.37
CPRX,Fortress,23.15,13.54,Healthcare,16.33,26.7,44.66,36.56,6.622,100.0,2.85
CDNS,Fortress,310.4,80.0,Technology,14.15,19.35,35.09,29.17,3.048,19.37,84.58
GNTX,Fortress,23.69,14.02,Consumer Cyclical,13.28,18.68,18.75,21.19,2.962,100.0,5.2
DECK,Fortress,106.79,15.41,Consumer Cyclical,13.15,44.52,22.82,20.3,3.067,354.51,15.84
META,Fortress,650.41,28.8,Communication Services,12.79,29.44,40.08,35.32,1.978,99.83,1639.38
EW,Fortress,85.33,37.43,Healthcare,12.71,13.57,27.37,30.42,4.004,79.19,50.1
CTAS,Fortress,184.88,39.93,Industrials,12.44,28.91,23.42,21.26,1.705,23.39,74.5
RMD,Fortress,244.81,25.03,Healthcare,12.43,23.58,34.62,29.4,2.888,,35.73
AMAT,Fortress,268.87,31.05,Technology,12.3,33.71,28.44,29.46,2.61,35.46,214.19
AVGO,Fortress,347.62,72.72,Technology,12.06,17.0,31.77,39.71,1.705,8.08,1648.16
EXEL,Fortress,43.58,18.31,Healthcare,11.9,27.12,42.89,18.41,3.752,100.0,11.73
GMAB,Fortress,31.82,13.48,Healthcare,11.76,22.92,44.91,35.78,6.034,77.37,19.73
ASML,Fortress,1163.78,40.89,Technology,10.89,32.26,32.84,32.64,1.308,56.61,451.72
APH,Fortress,139.71,46.57,Technology,10.84,18.6,27.48,20.72,2.07,14.88,171.01
INFY,Fortress,18.15,22.97,Technology,10.65,36.24,20.98,21.48,2.28,91.76,73.43
LLY,Fortress,1080.36,52.62,Healthcare,10.46,26.74,48.29,32.2,1.546,17.24,968.5
PGNY,Fortress,25.74,41.52,Healthcare,10.42,15.38,6.87,5.23,2.955,100.0,2.22
HWM,Fortress,211.71,59.3,Industrials,10.34,17.45,25.66,18.61,2.353,8.6,85.21
NFLX,Fortress,90.99,38.07,Communication Services,10.26,24.92,28.22,21.5,1.332,14.87,385.55
NYT,Fortress,69.82,34.23,Communication Services,10.1,17.26,14.95,12.51,1.524,378.01,11.37
SCCO,Fortress,148.69,32.11,Basic Materials,10.09,34.57,52.37,47.64,4.517,17.04,121.79
SGHC,Fortress,11.64,27.71,Consumer Cyclical,9.53,31.26,23.52,10.14,1.75,32.04,5.89
MSFT,Fortress,472.94,34.37,Technology,9.42,26.37,48.87,43.52,1.401,52.84,3515.44
MU,Fortress,315.42,29.95,Technology,9.37,14.2,44.97,7.06,2.46,21.24,355.01
ZM,Fortress,83.32,16.76,Technology,9.18,8.95,25.24,15.14,4.448,100.0,24.94
CGNX,Fortress,36.93,56.82,Technology,9.08,6.31,20.86,21.08,3.964,100.0,6.19
EXLS,Fortress,41.21,27.84,Technology,9.0,21.13,14.37,14.12,2.905,14.57,6.66
EXPD,Fortress,151.86,24.73,Industrials,8.97,38.74,9.95,10.54,1.794,,20.61
RVLV,Fortress,29.56,38.39,Consumer Cyclical,8.81,10.95,7.44,6.27,2.704,100.0,2.11
TXN,Fortress,177.52,32.39,Technology,8.64,18.71,36.74,44.45,4.45,11.73,161.39
ITW,Fortress,249.5,24.18,Industrials,8.61,43.73,27.67,24.94,1.53,16.63,72.73
Q,Fortress,84.98,32.68,Technology,8.41,7.85,21.71,19.13,1.781,3.21,17.8
REGN,Fortress,776.31,18.59,Healthcare,8.31,14.3,29.56,38.46,4.063,87.59,82.28
BWXT,Fortress,181.85,54.45,Industrials,8.27,16.2,10.91,13.47,1.708,9.83,16.63
LULU,Fortress,210.81,14.66,Consumer Cyclical,8.15,43.47,16.99,22.47,2.13,100.0,25.0
INTU,Fortress,629.46,43.2,Technology,7.93,19.11,15.7,22.96,1.386,20.57,175.24
AOS,Fortress,68.32,18.42,Industrials,7.87,30.21,18.63,18.3,1.544,105.63,9.57
SHOO,Fortress,42.2,54.1,Consumer Cyclical,7.79,23.85,5.13,12.08,1.91,,3.07
CMG,Fortress,37.49,33.18,Consumer Cyclical,7.7,24.7,16.13,14.83,1.542,100.0,50.27
PLAB,Fortress,33.41,14.65,Technology,7.66,13.54,24.15,26.03,5.366,4033.44,1.97
VRT,Fortress,175.61,66.02,Industrials,7.45,15.17,20.49,10.02,1.831,6.09,67.14
ELF,Fortress,77.81,54.41,Consumer Defensive,7.34,15.14,2.24,11.51,2.701,9.74,4.64
WSM,Fortress,187.85,20.71,Consumer Cyclical,7.22,42.19,16.95,17.37,1.427,,22.43
MOD,Fortress,140.81,40.58,Consumer Cyclical,7.16,20.37,10.91,8.47,2.0,10.62,7.41
VNOM,Fortress,38.78,15.96,Energy,7.16,11.51,50.63,72.8,1.879,7.82,12.65
YETI,Fortress,44.84,23.35,Consumer Cyclical,7.14,27.07,11.14,13.6,2.163,,3.64
OLLI,Fortress,111.32,30.42,Consumer Defensive,7.04,11.91,9.03,10.84,2.5,100.0,6.83
CTSH,Fortress,81.28,18.81,Technology,7.03,18.27,15.99,15.24,2.358,55.41,39.7
INCY,Fortress,101.42,17.19,Healthcare,7.03,8.39,31.63,14.38,3.195,139.87,19.91
DV,Fortress,10.86,41.77,Communication Services,7.0,7.67,11.19,12.15,3.978,80.42,1.78
ULS,Fortress,80.91,48.45,Industrials,7.0,22.82,19.8,14.74,1.328,8.55,16.26
GFI,Fortress,43.56,20.84,Basic Materials,6.66,24.17,46.44,35.92,1.886,40.44,39.2
QCOM,Fortress,172.98,34.53,Technology,6.6,32.51,26.24,28.58,2.816,20.07,186.65
ADI,Fortress,273.74,60.03,Technology,6.51,6.77,30.5,27.79,2.19,9.54,134.04
TT,Fortress,398.0,30.43,Industrials,6.51,24.72,20.22,15.86,1.205,14.6,88.56
AU,Fortress,85.6,18.77,Basic Materials,6.5,15.64,42.49,19.41,2.581,11.39,43.22
ROST,Fortress,182.74,28.6,Consumer Cyclical,6.46,27.53,11.58,11.64,1.52,44.5,59.43
ZTS,Fortress,125.92,21.2,Healthcare,6.36,31.02,39.33,36.21,3.643,14.92,55.81
AEM,Fortress,170.45,24.96,Basic Materials,6.35,10.21,53.1,29.01,2.12,33.63,85.57
NXT,Fortress,92.78,24.04,Technology,6.31,30.62,20.32,14.62,2.178,50.48,14.08
SN,Fortress,113.85,28.11,Consumer Cyclical,6.25,22.21,16.13,10.21,1.957,9.98,16.07
PHM,Fortress,119.07,9.19,Consumer Cyclical,6.23,25.25,17.34,20.74,6.449,8364.0,23.49
ALKS,Fortress,28.26,14.06,Healthcare,6.14,29.32,22.6,14.92,3.672,20.65,4.67
DHI,Fortress,145.72,12.59,Consumer Cyclical,6.07,13.2,12.47,17.22,6.421,100.0,42.56
AGI,Fortress,38.41,30.01,Basic Materials,5.99,10.53,80.68,28.96,1.717,35.88,16.13
BRBR,Fortress,26.09,15.53,Consumer Defensive,5.95,54.3,15.77,16.89,2.353,5.23,3.12
FSLR,Fortress,274.34,21.04,Technology,5.91,14.38,29.23,16.04,1.91,37.18,29.44
TS,Fortress,39.07,10.34,Energy,5.91,14.69,20.03,21.59,4.079,42.76,19.84
KEYS,Fortress,206.59,41.15,Technology,5.89,12.46,15.29,20.62,2.35,12.27,35.5
STLD,Fortress,176.06,22.43,Basic Materials,5.87,15.95,10.52,20.15,3.107,36.19,25.92
DT,Fortress,42.35,25.36,Technology,5.85,6.5,14.78,9.07,1.587,,12.77
DOV,Fortress,195.75,25.52,Industrials,5.74,18.31,18.69,15.99,2.042,14.39,26.85
PAAS,Fortress,51.04,29.5,Basic Materials,5.73,7.36,30.05,7.2,2.313,10.07,21.54
WDC,Fortress,187.7,26.44,Technology,5.71,17.32,15.4,7.61,1.213,4.17,64.34
DLO,Fortress,14.07,25.12,Technology,5.7,30.69,19.68,28.06,1.456,302.44,4.15
ABT,Fortress,124.19,15.6,Healthcare,5.64,11.26,19.39,17.78,1.703,13.55,216.15
ANF,Fortress,123.74,11.92,Consumer Cyclical,5.63,35.93,12.0,9.51,1.384,64.65,5.82
BSX,Fortress,94.71,50.65,Healthcare,5.6,7.84,20.73,16.57,1.508,8.48,140.4
LNTH,Fortress,67.27,27.57,Healthcare,5.57,25.9,11.36,10.84,2.667,22.91,4.57
PWR,Fortress,439.68,65.14,Industrials,5.53,11.18,7.11,5.13,1.344,6.98,65.56
ETN,Fortress,327.31,32.73,Industrials,5.4,15.38,19.79,15.59,1.28,36.12,127.42
KGC,Fortress,28.3,19.79,Basic Materials,5.37,15.62,44.25,13.05,2.83,30.33,34.6
TEL,Fortress,233.22,37.8,Technology,5.37,16.44,19.77,18.3,1.556,42.61,68.7
HXL,Fortress,76.88,87.36,Industrials,5.33,7.85,8.88,9.21,2.753,5.96,6.12
FERG,Fortress,225.02,22.78,Industrials,5.31,22.33,9.5,9.25,1.878,13.75,45.18
SYK,Fortress,348.18,45.63,Healthcare,5.27,13.2,22.27,18.09,1.849,100.0,133.15
GIL,Fortress,62.93,20.23,Consumer Cyclical,5.26,20.83,23.23,19.48,2.008,7.02,11.65
TSCO,Fortress,50.83,24.56,Consumer Cyclical,5.26,19.6,9.21,10.1,1.301,26.88,26.86
PNR,Fortress,105.47,26.84,Industrials,5.25,14.55,23.98,17.83,1.462,9.11,17.29
ECL,Fortress,262.64,37.74,Basic Materials,5.21,16.55,14.71,13.92,1.697,8.56,74.49
RES,Fortress,5.53,25.14,Energy,5.21,9.42,5.3,10.06,2.782,156.8,1.22
VLTO,Fortress,98.5,27.29,Industrials,5.21,23.23,23.22,22.74,1.568,10.61,24.46
DXCM,Fortress,66.54,36.97,Healthcare,5.16,20.49,20.05,13.92,1.565,38.32,26.09
FFIV,Fortress,256.63,21.77,Technology,5.14,16.81,27.13,20.93,1.562,100.0,14.91
HALO,Fortress,70.31,14.83,Healthcare,5.13,29.89,61.51,49.45,1.587,31.79,8.27
ACN,Fortress,259.95,21.48,Technology,5.12,23.31,16.97,14.6,1.411,45.94,161.21
ABNB,Fortress,133.01,31.74,Consumer Cyclical,4.95,23.64,39.68,17.47,1.392,,81.43
LRN,Fortress,64.61,10.13,Consumer Defensive,4.91,19.77,5.38,11.99,6.775,37.48,2.83
SHLS,Fortress,9.09,47.84,Technology,4.91,7.26,18.78,16.57,2.19,3.74,1.52
SVM,Fortress,8.34,75.82,Basic Materials,4.9,10.35,42.7,30.35,4.588,22.11,1.84
DHR,Fortress,230.4,47.51,Healthcare,4.89,6.96,20.75,24.05,1.519,17.71,164.98
CAT,Fortress,598.41,29.41,Industrials,4.85,25.02,17.75,16.96,1.384,27.12,280.34
ON,Fortress,56.7,77.67,Technology,4.85,14.89,18.5,27.98,5.231,30.49,23.19
HSY,Fortress,182.41,27.23,Consumer Defensive,4.84,29.37,13.54,23.4,1.363,15.19,36.99
XYL,Fortress,137.11,35.34,Industrials,4.71,7.99,15.65,11.39,1.957,25.7,33.38
WLTH,Fortress,13.22,0.0,Technology,4.7,54.22,43.44,38.49,1.81,50.55,1.93
SWKS,Fortress,64.395,20.91,Technology,4.69,8.4,10.23,21.06,2.325,20.44,9.65
TTD,Fortress,37.68,42.82,Communication Services,4.69,13.19,21.8,11.35,1.71,100.0,18.42
ATI,Fortress,119.2,38.45,Industrials,4.64,15.17,15.11,9.69,2.502,4.91,16.43
VLO,Fortress,165.31,34.44,Energy,4.6,9.53,5.53,5.47,1.596,7.65,51.35
NUE,Fortress,169.4,23.76,Basic Materials,4.58,10.81,10.42,19.62,2.774,13.73,38.77
CDE,Fortress,17.55,24.72,Basic Materials,4.55,8.89,33.28,8.68,1.999,3.58,11.27
ALGN,Fortress,156.03,30.3,Healthcare,4.52,16.08,15.67,19.0,1.289,100.0,11.31
MGY,Fortress,22.48,12.15,Energy,4.5,20.06,31.23,50.75,1.472,35.32,4.29
SMCI,Fortress,30.96,24.38,Technology,4.5,10.89,3.63,7.73,5.394,21.34,18.48
AS,Fortress,37.5,68.18,Consumer Cyclical,4.48,5.6,12.87,7.29,1.511,1.74,20.8
CGAU,Fortress,14.14,8.78,Basic Materials,4.48,8.84,34.06,13.73,2.888,160.69,2.86
URBN,Fortress,75.34,14.24,Consumer Cyclical,4.46,14.7,9.57,7.39,1.509,83.41,6.76
KO,Fortress,69.12,22.89,Consumer Defensive,4.43,19.58,32.37,28.75,1.211,8.9,297.47
TMO,Fortress,592.51,34.19,Healthcare,4.4,10.03,19.28,20.02,1.498,6.06,222.61
DKS,Fortress,200.22,16.32,Consumer Cyclical,4.39,21.31,5.56,12.61,1.572,29.67,18.01
NKE,Fortress,63.28,37.01,Consumer Cyclical,4.39,14.23,8.09,11.53,2.063,100.0,93.54
RAL,Fortress,51.22,31.62,Technology,4.38,9.44,9.83,21.59,1.488,100.0,5.78
FIVE,Fortress,193.45,34.67,Consumer Cyclical,4.37,9.04,4.17,10.93,1.605,,10.67
GLW,Fortress,90.67,58.12,Technology,4.34,5.01,14.56,10.21,1.556,3.47,77.74
MRK,Fortress,106.45,14.08,Healthcare,4.26,23.91,40.8,23.59,1.661,16.69,265.89
MWA,Fortress,23.94,19.62,Industrials,4.23,17.64,20.35,13.99,3.544,14.38,3.74
AMKR,Fortress,42.92,31.79,Technology,4.2,9.04,8.0,9.82,1.773,7.64,10.61
JHX,Fortress,20.81,47.3,Basic Materials,4.2,15.53,11.96,22.3,1.793,16.74,12.06
HOLX,Fortress,74.56,29.94,Healthcare,4.15,9.93,32.74,23.67,3.754,6.82,16.63
AEO,Fortress,26.36,23.33,Consumer Cyclical,4.12,15.09,8.26,8.18,1.634,,4.47
BAH,Fortress,84.89,12.94,Industrials,4.1,25.78,9.79,8.49,1.756,7.42,10.46
GNRC,Fortress,141.1,26.03,Industrials,4.08,12.25,9.25,13.59,2.183,5.56,8.28
LEN,Fortress,104.22,13.06,Consumer Cyclical,4.08,12.29,7.88,17.17,12.398,100.0,25.74
MAS,Fortress,64.47,16.49,Industrials,4.07,36.46,15.81,15.49,1.878,12.73,13.5
FLS,Fortress,70.75,20.57,Industrials,4.05,11.29,13.6,7.35,2.103,6.57,9.25
TOL,Fortress,135.58,10.05,Consumer Cyclical,4.04,15.08,17.67,16.61,4.108,,13.07
SOLS,Fortress,49.28,49.78,Basic Materials,4.01,19.1,17.65,23.23,1.532,5.03,7.82
STM,Fortress,27.37,44.87,Technology,4.01,9.36,6.62,20.51,3.223,23.09,24.32
EOG,Fortress,107.27,10.65,Energy,4.0,19.98,33.22,40.18,1.624,60.55,58.57
NVT,Fortress,106.82,59.34,Industrials,4.0,9.02,16.03,15.69,1.574,5.05,17.24
PPG,Fortress,104.35,18.67,Basic Materials,3.98,14.52,14.16,11.92,1.465,8.68,23.55
GD,Fortress,343.4,22.27,Industrials,3.97,12.96,10.46,10.4,1.4,12.55,92.76
G,Fortress,45.91,14.81,Technology,3.92,18.8,15.86,13.53,1.514,9.51,8.0
IAG,Fortress,16.22,28.46,Basic Materials,3.92,20.2,35.3,7.83,1.684,374.85,9.62
FSM,Fortress,9.54,11.36,Basic Materials,3.86,12.97,64.23,18.55,3.298,8.31,2.93
YUMC,Fortress,48.17,19.99,Consumer Cyclical,3.86,13.58,12.6,8.82,1.32,100.0,17.08
DRS,Fortress,34.78,35.13,Industrials,3.85,9.29,9.79,11.57,2.002,13.57,9.26
TMHC,Fortress,58.83,7.09,Consumer Cyclical,3.85,14.21,14.59,14.71,7.988,,5.75
RHI,Fortress,27.34,17.75,Industrials,3.81,15.39,1.0,9.1,1.55,100.0,2.78
COO,Fortress,81.11,43.37,Healthcare,3.8,5.91,13.54,16.25,1.893,6.66,16.13
OPCH,Fortress,32.24,25.59,Healthcare,3.8,12.59,5.89,6.35,1.557,6.78,5.23
ACMR,Fortress,44.88,26.09,Technology,3.76,14.03,10.75,16.64,3.479,41.06,2.91
PPC,Fortress,39.87,7.73,Consumer Defensive,3.76,19.43,10.4,5.15,1.512,9.76,9.47
B,Fortress,44.08,21.19,Basic Materials,3.74,11.18,49.01,30.18,2.944,11.89,75.37
TPR,Fortress,129.07,97.78,Consumer Cyclical,3.72,6.0,21.21,17.6,1.525,3.53,26.72
PCAR,Fortress,111.56,21.87,Industrials,3.66,16.07,9.92,13.51,5.69,100.0,58.59
CRH,Fortress,126.44,25.29,Basic Materials,3.63,13.21,18.0,12.3,1.453,8.7,84.6
CROX,Fortress,86.95,30.19,Consumer Cyclical,3.58,25.05,20.84,26.13,1.404,9.33,4.75
CNM,Fortress,53.41,23.43,Industrials,3.56,14.37,10.67,10.21,2.265,5.06,10.54
FOXA,Fortress,73.76,16.43,Communication Services,3.56,17.07,26.32,18.62,3.238,8.6,32.75
RIO,Fortress,81.43,12.97,Basic Materials,3.52,18.94,25.05,34.74,1.526,10.59,133.01
FOX,Fortress,65.96,14.59,Communication Services,3.47,17.07,26.32,18.62,3.238,8.6,31.06
HAL,Fortress,29.6,19.6,Energy,3.46,18.86,12.86,15.52,1.955,8.19,25.24
HRL,Fortress,23.39,26.89,Consumer Defensive,3.46,6.17,7.22,8.74,2.466,9.5,12.87
IR,Fortress,79.76,59.08,Industrials,3.45,8.31,20.48,16.28,2.162,6.31,31.7
SQM,Fortress,69.73,0.0,Basic Materials,3.42,12.53,24.44,36.54,2.823,6.18,19.92
BHP,Fortress,61.76,17.4,Basic Materials,3.4,21.71,37.7,42.42,1.46,10.79,158.65
NXPI,Fortress,221.28,27.32,Technology,3.35,16.43,28.24,26.82,2.375,8.79,55.79
HON,Fortress,195.88,20.66,Industrials,3.34,15.33,18.5,18.84,1.358,7.82,132.0
MPC,Fortress,165.14,17.57,Energy,3.33,12.52,4.97,6.44,1.315,5.55,50.21
SMPL,Fortress,19.56,19.18,Consumer Defensive,3.32,7.01,15.69,16.38,3.642,6.85,1.95
BLDR,Fortress,104.63,19.52,Industrials,3.31,18.12,5.8,12.76,1.786,7.68,11.57
DHT,Fortress,11.74,9.47,Energy,3.31,15.43,37.76,18.35,2.411,6.99,1.89
BURL,Fortress,298.39,34.22,Consumer Cyclical,3.3,11.46,5.75,6.25,1.208,10.71,18.78
BIRK,Fortress,41.77,18.99,Consumer Cyclical,3.28,12.15,22.04,24.04,2.811,7.22,7.68
ALC,Fortress,77.6,37.67,Healthcare,3.25,5.16,12.85,9.99,2.118,7.54,38.26
NEM,Fortress,101.22,15.74,Basic Materials,3.23,10.15,46.85,16.86,2.039,13.21,111.19
PDD,Fortress,115.75,11.51,Consumer Cyclical,3.22,41.91,23.11,20.47,2.355,100.0,164.32
MAT,Fortress,20.04,15.18,Consumer Cyclical,3.2,14.18,22.18,12.26,1.598,6.24,6.46
HSIC,Fortress,76.82,24.23,Healthcare,3.14,8.69,6.14,6.32,1.396,4.92,9.32
SLB,Fortress,40.2,15.64,Energy,3.12,17.12,15.48,15.21,1.387,12.08,60.06
UPS,Fortress,101.02,15.61,Industrials,3.12,15.49,10.17,11.39,1.305,9.59,85.7
IMAX,Fortress,36.02,50.73,Communication Services,3.07,7.38,27.25,7.82,3.942,5.66,1.94
TGNA,Fortress,19.29,9.23,Communication Services,3.06,13.73,15.89,25.73,2.218,5.57,3.11
J,Fortress,135.35,52.46,Industrials,3.03,8.72,10.52,6.24,1.301,4.73,16.07
BIIB,Fortress,177.82,16.22,Healthcare,3.02,9.57,30.72,23.91,2.716,8.61,26.09
HAS,Fortress,82.97,0.0,Consumer Cyclical,3.02,13.53,24.58,10.58,1.705,3.9,11.64
PAYX,Fortress,108.6,24.57,Technology,3.01,23.74,41.67,40.33,1.265,21.64,38.98
ASO,Fortress,52.15,9.59,Consumer Cyclical,3.0,14.6,7.26,11.68,1.706,15.6,3.48
ATAT,Fortress,39.87,26.4,Consumer Cyclical,2.99,34.11,24.79,14.65,2.157,553.74,5.51
GLOB,Fortress,63.07,28.8,Technology,2.98,9.11,9.76,10.92,1.934,8.34,2.78
FND,Fortress,62.97,31.48,Consumer Cyclical,2.97,6.73,6.11,9.03,1.27,92.38,6.79
VIPS,Fortress,17.71,9.32,Consumer Cyclical,2.97,22.32,5.91,6.66,1.297,174.17,8.73
HAFN,Fortress,5.21,8.54,Industrials,2.95,27.25,16.77,24.63,1.476,15.86,2.61
DE,Fortress,466.8,25.26,Industrials,2.93,12.82,12.38,20.82,2.262,2.97,126.24
MDT,Fortress,96.05,26.03,Healthcare,2.92,8.07,20.3,18.47,2.415,8.72,123.2
MHK,Fortress,109.51,16.3,Consumer Cyclical,2.88,6.87,6.66,7.93,2.246,14.32,6.8
COP,Fortress,96.7,13.66,Energy,2.87,13.36,19.54,27.22,1.323,13.34,120.77
SBH,Fortress,14.49,7.55,Consumer Cyclical,2.82,14.28,5.93,8.8,2.26,5.09,1.42
CRI,Fortress,33.2,13.5,Consumer Cyclical,2.81,13.62,3.55,11.83,2.26,8.37,1.21
ELV,Fortress,354.25,14.44,Healthcare,2.81,7.78,3.46,5.5,1.56,7.67,79.77
CF,Fortress,80.13,9.69,Basic Materials,2.8,15.03,33.94,36.5,2.273,13.68,12.98
FCX,Fortress,51.93,36.31,Basic Materials,2.78,14.64,28.06,30.34,2.455,22.65,74.57
LEVI,Fortress,20.82,15.89,Consumer Cyclical,2.78,5.97,11.68,9.8,1.519,6.24,8.24
BWA,Fortress,46.64,65.69,Consumer Cyclical,2.77,6.02,8.41,9.01,2.051,7.42,10.09
ENTG,Fortress,89.56,47.14,Technology,2.72,6.83,15.4,16.06,3.444,2.5,13.58
EQNR,Fortress,24.55,11.47,Energy,2.72,33.7,23.02,37.97,1.481,30.32,61.53
AMRZ,Fortress,55.43,23.19,Basic Materials,2.7,10.06,21.33,16.41,1.45,7.03,30.66
ARHS,Fortress,11.36,21.85,Consumer Cyclical,2.7,10.67,4.76,9.7,1.343,,1.6
CEG,Fortress,366.25,41.95,Utilities,2.7,10.9,16.33,7.58,1.563,9.92,114.42
JBS,Fortress,14.18,14.04,Consumer Defensive,2.7,15.01,5.48,6.17,1.602,2.65,15.73
TXT,Fortress,87.05,19.05,Industrials,2.69,8.36,9.5,6.94,1.838,10.72,15.51
CDW,Fortress,133.16,16.83,Technology,2.68,17.93,7.95,7.46,1.39,7.69,17.45
TSM,Fortress,319.61,31.33,Technology,2.67,26.31,50.58,44.69,2.693,134.95,1657.66
FBIN,Fortress,50.94,19.08,Industrials,2.66,14.64,17.86,16.34,1.95,6.02,6.12
FDX,Fortress,293.13,16.21,Industrials,2.64,8.63,7.64,6.72,1.274,7.9,69.17
RBA,Fortress,103.29,49.19,Industrials,2.64,7.48,14.74,18.6,1.233,3.35,19.23
YUM,Fortress,150.49,29.34,Consumer Cyclical,2.64,43.77,34.41,32.01,1.694,4.89,41.78
LKQ,Fortress,30.03,11.12,Consumer Cyclical,2.63,10.09,8.23,10.56,1.596,4.66,7.73
ZBH,Fortress,90.02,22.34,Healthcare,2.61,6.63,17.0,17.86,2.428,5.76,17.84
M,Fortress,22.75,13.38,Consumer Cyclical,2.58,7.39,0.77,6.21,1.254,7.63,6.05
BRKR,Fortress,48.11,0.0,Healthcare,2.56,5.63,12.96,15.92,1.854,5.32,7.31
ARMN,Fortress,15.81,58.56,Basic Materials,2.55,5.73,40.92,29.55,2.415,3.9,3.22
BBWI,Fortress,20.74,6.42,Consumer Cyclical,2.51,36.8,10.1,19.58,1.211,4.29,4.28
NTAP,Fortress,106.47,18.55,Technology,2.48,23.49,24.75,19.79,1.341,22.61,21.25
TEX,Fortress,55.03,23.32,Industrials,2.48,10.67,10.45,10.14,2.151,5.58,3.61
APTV,Fortress,78.44,57.68,Consumer Cyclical,2.46,13.58,11.44,8.66,1.793,7.38,17.08
ITGR,Fortress,76.78,32.26,Healthcare,2.46,7.01,14.28,11.36,3.709,3.82,2.69
MBC,Fortress,11.28,17.9,Consumer Cyclical,2.46,9.56,8.5,9.4,1.865,3.27,1.43
VAL,Fortress,52.15,9.33,Energy,2.45,12.16,21.14,6.86,1.871,5.37,3.71
WIT,Fortress,2.92,20.86,Technology,2.44,18.42,16.42,15.98,2.256,19.92,30.81
RDY,Fortress,13.86,17.77,Healthcare,2.43,21.96,18.45,21.57,1.852,28.14,11.59
LW,Fortress,42.29,15.16,Consumer Defensive,2.42,11.24,9.47,13.91,1.433,3.7,5.89
AXTA,Fortress,33.0,15.79,Basic Materials,2.4,11.89,15.76,10.96,2.199,3.42,7.04
EMN,Fortress,64.34,10.74,Basic Materials,2.4,10.35,9.67,13.92,1.756,5.99,7.39
HAYW,Fortress,15.77,25.44,Industrials,2.4,7.92,16.92,21.39,3.184,3.12,3.42
RPRX,Fortress,38.86,22.08,Healthcare,2.39,9.17,70.27,56.05,3.484,6.9,22.66
AKAM,Fortress,85.1,24.96,Technology,2.38,7.42,15.74,19.34,2.281,22.65,12.24
EGO,Fortress,35.42,19.46,Basic Materials,2.38,8.4,39.69,19.59,2.794,22.64,7.15
JBI,Fortress,6.65,19.0,Industrials,2.38,12.87,13.91,17.57,3.027,3.02,0.92
CVE,Fortress,17.53,13.91,Energy,2.36,9.6,11.0,10.14,1.729,7.27,33.07
NWSA,Fortress,26.19,31.55,Communication Services,2.35,7.41,10.45,9.72,1.763,,15.29
VRRM,Fortress,22.33,65.68,Technology,2.35,10.82,28.56,23.04,2.448,2.07,3.56
SHEL,Fortress,75.44,15.4,Energy,2.33,11.89,11.35,11.33,1.352,7.16,214.93
GTES,Fortress,22.06,24.24,Industrials,2.3,7.6,14.94,13.28,3.523,3.47,5.7
OC,Fortress,114.15,0.0,Industrials,2.3,9.58,18.07,16.36,1.396,5.32,9.55
BKR,Fortress,47.14,16.26,Energy,2.25,13.65,13.52,9.78,1.409,17.49,46.52
LYB,Fortress,44.39,0.0,Basic Materials,2.24,7.18,6.04,10.45,1.57,4.33,14.29
MT,Fortress,47.2,13.88,Basic Materials,2.23,5.07,4.09,10.7,1.386,6.72,35.9
HMY,Fortress,19.57,14.18,Basic Materials,2.21,23.66,29.67,11.37,1.72,15.79,12.22
ESI,Fortress,25.94,26.2,Basic Materials,2.19,7.65,15.36,12.53,4.051,6.11,6.28
PLNT,Fortress,109.73,44.97,Consumer Cyclical,2.19,12.44,32.57,25.47,2.082,3.47,9.24
NOK,Fortress,6.51,34.26,Technology,2.17,8.71,6.94,8.33,1.478,7.39,36.89
MPLX,Fortress,53.87,11.32,Energy,2.16,15.49,38.35,40.8,1.312,5.63,54.9
SXC,Fortress,7.33,9.77,Basic Materials,2.16,10.39,4.21,7.86,2.124,6.49,0.62
ETSY,Fortress,57.28,38.7,Consumer Cyclical,2.11,24.22,12.2,15.31,3.174,30.75,5.68
AM,Fortress,17.94,18.31,Energy,2.07,13.35,57.81,56.12,1.259,3.65,8.58
SU,Fortress,45.59,14.16,Energy,2.06,11.24,19.35,17.96,1.348,12.8,55.5
TME,Fortress,17.86,18.04,Communication Services,2.06,11.96,29.13,16.63,2.085,71.26,30.08
ZIM,Fortress,21.91,2.64,Industrials,2.04,30.45,14.83,21.0,1.304,5.71,2.64
WB,Fortress,10.54,6.02,Communication Services,2.03,9.5,26.53,28.17,3.346,4.99,2.6
DEO,Fortress,87.09,20.59,Consumer Defensive,1.98,12.02,27.33,26.69,1.633,4.2,48.41
DAR,Fortress,37.64,56.18,Consumer Defensive,1.97,5.55,7.87,8.93,1.488,1.97,5.95
PFE,Fortress,25.18,14.64,Healthcare,1.96,6.52,35.28,23.01,1.282,3.6,143.17
MOMO,Fortress,6.79,11.13,Communication Services,1.89,16.3,13.0,15.07,5.205,15.28,1.09
AVTR,Fortress,11.46,0.0,Healthcare,1.88,10.61,8.48,12.48,1.488,4.9,7.81
SLGN,Fortress,41.25,13.75,Consumer Cyclical,1.87,8.11,10.25,10.21,1.27,3.09,4.41
ZTO,Fortress,21.46,13.94,Industrials,1.87,18.75,20.27,23.15,1.378,35.55,16.89
GGB,Fortress,3.78,14.0,Basic Materials,1.86,8.24,8.73,17.38,2.704,7.86,7.47
SEE,Fortress,41.52,15.43,Consumer Cyclical,1.86,13.86,15.96,15.63,1.288,2.59,6.11
BABA,Fortress,155.74,20.82,Consumer Cyclical,1.83,12.06,2.17,12.72,1.456,17.2,371.6
JAZZ,Fortress,173.15,0.0,Healthcare,1.82,6.46,22.33,13.24,1.652,2.98,10.52
DOW,Fortress,24.27,0.0,Basic Materials,1.79,5.13,1.91,8.38,1.944,2.97,17.25
OLN,Fortress,21.55,46.85,Basic Materials,1.78,5.49,5.29,14.28,1.559,1.77,2.47
WES,Fortress,39.72,11.75,Energy,1.78,17.42,46.06,41.51,1.432,5.46,16.21
GPRK,Fortress,7.29,11.05,Energy,1.75,33.49,25.9,45.1,2.63,7.68,0.38
GPK,Fortress,15.15,8.96,Consumer Cyclical,1.72,12.08,11.69,11.15,1.545,4.85,4.49
CNH,Fortress,9.35,19.08,Industrials,1.71,10.91,3.36,18.47,5.181,1.9,11.7
CXW,Fortress,19.02,19.02,Industrials,1.65,6.02,9.34,10.46,1.41,2.36,2.04
SHC,Fortress,17.69,88.45,Healthcare,1.64,9.67,40.56,26.43,2.384,1.69,5.03
FRO,Fortress,20.58,21.0,Energy,1.62,14.32,20.8,25.9,1.369,2.66,4.58
BIDU,Fortress,150.3,13.5,Communication Services,1.61,9.07,3.52,13.38,1.907,11.14,52.4
NE,Fortress,29.0,20.86,Energy,1.61,8.6,14.13,20.77,1.751,5.41,4.61
SOLV,Fortress,79.02,9.1,Healthcare,1.58,8.27,7.82,19.25,1.5,2.65,13.71
VALE,Fortress,13.26,10.12,Basic Materials,1.56,11.95,32.32,42.18,1.237,6.08,56.74
AMGN,Fortress,327.64,25.34,Healthcare,1.53,11.29,34.15,28.87,1.28,2.46,176.43
UMC,Fortress,7.84,14.52,Technology,1.52,12.16,18.7,27.27,2.344,34.98,19.74
SSL,Fortress,6.66,10.57,Basic Materials,1.46,7.45,16.08,17.97,1.874,2.32,4.25
ENR,Fortress,19.93,6.0,Industrials,1.41,11.65,16.15,13.53,2.112,2.84,1.37
ET,Fortress,16.59,13.27,Energy,1.38,9.08,10.79,10.95,1.405,3.27,56.96
WYNN,Fortress,122.57,27.18,Consumer Cyclical,1.38,11.64,16.93,5.65,1.757,1.93,12.74
SBLK,Fortress,19.37,41.21,Industrials,1.33,10.78,14.1,37.16,1.725,4.28,2.21
GM,Fortress,80.98,15.45,Consumer Cyclical,1.32,5.1,5.67,6.54,1.229,11.07,77.1
HOG,Fortress,20.64,4.91,Consumer Cyclical,1.31,6.58,36.56,13.15,2.515,17.82,2.51
TCOM,Fortress,74.49,20.13,Consumer Cyclical,1.22,11.12,30.4,13.53,1.485,10.8,48.69
OGN,Fortress,7.24,3.79,Healthcare,1.17,12.78,23.1,25.6,1.754,2.55,1.88
ACHC,Fortress,14.29,12.32,Healthcare,1.16,8.52,14.04,17.48,1.444,3.94,1.32
PAGS,Fortress,9.67,7.27,Technology,1.11,20.32,38.37,30.23,1.42,1.64,2.82
PLTK,Fortress,3.98,16.58,Communication Services,1.09,14.14,19.37,19.85,1.413,2.81,1.5
IRDM,Fortress,17.76,15.72,Communication Services,0.94,8.03,30.88,13.15,2.673,2.2,1.88
AROC,Fortress,26.63,17.64,Energy,0.85,9.79,38.65,23.09,1.557,2.88,4.67
SSP,Fortress,3.95,0.0,Communication Services,0.71,8.91,7.52,15.92,1.611,2.0,0.35
MTCH,Fortress,31.74,15.11,Communication Services,0.59,22.06,30.83,27.9,1.41,5.4,7.64
BORR,Fortress,3.99,14.25,Energy,0.44,11.36,35.44,9.66,1.626,1.7,1.22
KBH,Fortress,57.07,9.18,Consumer Cyclical,,,8.35,12.5,5.753,100.0,3.61
